nsites,nelements,volume,density,energy_per_atom,universal_anisotropy,homogeneous_poisson,matrix_0,matrix_1,matrix_2,matrix_3,matrix_4,matrix_5,matrix_6,matrix_7,matrix_8
2,1,40.32952684741405,2.312800253345134,-8.773764595,0.227,0.215,3.333573,0.0,1.924639,1.111191,3.142924,1.924639,0.0,0.0,3.849278
4,1,77.66531406018841,6.212377263000351,-13.628868084999999,,,0.0,2.88574,5.115665,2.630497,0.0,5.115665,2.630497,2.88574,0.0
