nelements,volume,density,density_atomic,energy_per_atom,formation_energy_per_atom,energy_above_hull,efermi,total_magnetization,universal_anisotropy
-2.750328468978476,-0.6554760733689818,0.3926144608305869,2.368239375740514,-3.814222998402249,0.9503571359534984,-0.2780891663648465,0.5750872309020643,-0.27540703961455317,-0.047756535258238234
